,Unnamed: 0,latitude,longitude
0,0,40.6180428072,-73.9843740933
1,1,40.736040698800004,-74.0008661487
2,2,40.7637040604,-73.9141015546
3,3,40.719220418,-73.9913697305
4,4,40.7501568121,-73.9727770497
5,5,40.8053924449,-73.9545584248
6,6,40.7555310486,-73.9757810515
7,7,40.7394546612,-73.988496562
8,8,40.833669146,-73.9449495037
9,9,40.7551592162,-73.9826528393
10,10,40.5929038536,-73.94029206100001
11,11,40.7526143905,-73.9041982549
12,12,40.764192689,-73.98079775859999
13,13,40.767540972,-73.9850349466
14,14,40.5859185212,-73.951553628
15,15,40.8484002242,-73.9326707135
16,16,40.8335108873,-73.8590425541
17,17,40.751205009,-73.9872753683
18,18,40.641734845,-73.9368033039
19,19,40.7639672369,-73.9843847983
20,20,40.5764058434,-73.9677173283
21,21,40.6080905635,-74.002878953
22,22,40.7514198726,-73.9718522595
23,23,40.6950322171,-73.9941388873
24,24,40.8589575226,-73.897732883
25,25,40.740773412399996,-74.0069702697
26,26,40.760788486399996,-73.9735655342
27,27,40.7899437151,-73.97349416520001
28,28,40.758347031599996,-73.783494174
29,29,40.6051147158,-73.9780621124
30,30,40.6205349381,-73.9892943345
31,31,40.8447600891,-73.8306818105
32,32,40.761108388400004,-73.8039586223
33,33,40.6784654895,-73.86831711880001
34,34,40.647051275500004,-74.00839113640001
35,35,40.7074785406,-73.9550192655
36,36,40.741438942100004,-73.99344430939999
37,37,40.7754645387,-73.9475853814
38,38,40.7479297537,-73.8687339659
39,39,40.8534218984,-73.8273186892
40,40,40.677375083,-73.9797238272
41,41,40.651773883000004,-73.92973252739999
42,42,40.716690755900004,-73.9914554165
43,43,40.7035173861,-73.8148500575
44,44,40.7501257533,-73.8628792228
45,45,40.6199007895,-74.0279232143
46,46,40.6390169868,-73.9941155117
47,47,40.7169411546,-73.995778993
48,48,40.746936889000004,-73.9974345985
49,49,40.6330102821,-73.9835570241
50,50,40.757671982199994,-73.7924120481
51,51,40.5966085753,-73.977109363
52,52,40.729211273400004,-74.00511031149999
53,53,40.7744067069,-73.95415052770001
54,54,40.7140333013,-74.0087730625
55,55,40.7176049706,-74.00139374310001
56,56,40.7287521403,-73.85931114430001
57,57,40.6156324599,-74.0313996958
58,58,40.6128499671,-74.1265467804
59,59,40.7485071941,-73.89261345109999
60,60,40.7323231723,-73.8489609053
61,61,40.7361998903,-73.9942757748
62,62,40.7568127001,-73.9691144363
63,63,40.835713383299996,-73.9434606817
64,64,40.7216822527,-73.8670164429
65,65,40.6044656095,-73.96930288909999
66,66,40.7612525985,-73.9857127338
67,67,40.7048510849,-73.89603774689999
68,68,40.6357769114,-73.96335310939999
69,69,40.6201185412,-73.9457026271
70,70,40.8426008352,-73.942180085
71,71,40.7617559542,-73.9769664595
72,72,40.8809656286,-73.9037968108
73,73,40.7270947773,-73.9886454291
74,74,40.6105054294,-74.0078467125
75,75,40.709823908000004,-73.8185447378
76,76,40.727390434,-73.8934509589
77,77,40.761072207199994,-73.83229858029999
78,78,40.6815285546,-73.99405132310001
79,79,40.7342794428,-73.9802952788
80,80,40.6897596369,-73.8151135977
81,81,40.8479923214,-73.9377424701
82,82,40.6434259383,-73.9784113766
83,83,40.676900574099996,-73.9721323138
84,84,40.7625651664,-73.80389853
85,85,40.8321238798,-73.8511974163
86,86,40.7785815802,-73.9482783231
87,87,40.729459038499996,-73.78118565189999
88,88,40.6322396435,-73.9522379095
89,89,40.7537809759,-73.9892783628
90,90,40.7262398977,-73.7898949971
91,91,40.7547535081,-73.9739485453
92,92,40.6865154134,-73.9824237351
93,93,40.7006639543,-73.9039452514
94,94,40.576891904200004,-73.9659976774
95,95,40.7445069001,-73.9944268425
96,96,40.7476631398,-73.8628399139
97,97,40.6159559643,-74.1027672014
98,98,40.8245654604,-73.8204348221
99,99,40.8733591509,-73.87835907569999
100,100,40.7199931142,-73.9934820278
101,101,40.5959024054,-73.9813111588
102,102,40.719832278,-73.8097001732
103,103,40.7727605079,-73.95252420279999
104,104,40.574755057800004,-73.97376306310001
105,105,40.7174648482,-73.99831462590001
106,106,40.6989115405,-73.9178452862
107,107,40.693236428,-73.9672844856
108,108,40.6330527472,-74.0121960797
109,109,40.731074238000005,-73.99001157869999
110,110,40.7289594118,-73.9847586088
111,111,40.896499299999995,-73.8555463424
112,112,40.8285283874,-73.8786462367
113,113,40.701396471100004,-73.8052914145
114,114,40.619268848400004,-73.92273533689999
115,115,40.6832047865,-73.9929157868
116,116,40.7559245064,-73.9886299623
117,117,40.742909016599995,-73.9870324895
118,118,40.7351959737,-73.7178041359
119,119,40.6374314815,-73.9523836663
120,120,40.754210020900004,-73.9229659245
121,121,40.6586809987,-73.9312369386
122,122,40.617512566500004,-73.9993477247
123,123,40.738439995,-73.9832871309
124,124,40.7698185721,-73.9178883485
125,125,40.7422278978,-73.85448867630001
126,126,40.752155723200005,-73.9273688087
127,127,40.602723240900005,-73.99314096020001
128,128,40.727931729299996,-73.8917947906
129,129,40.8335270212,-73.8604268834
130,130,40.5748752182,-73.9743722703
131,131,40.7429369491,-73.920694303
132,132,40.8000244709,-73.9679315694
133,133,40.748641453299996,-73.98913390439999
134,134,40.8542003764,-73.8871688393
135,135,40.788745549299996,-73.9773075522
136,136,40.8953042654,-73.8603865888
137,137,40.606658908,-73.9647047939
138,138,40.7024900265,-73.9898356674
139,139,40.7383644667,-73.9895472159
140,140,40.7141202706,-73.9498740106
141,141,40.6663213504,-73.73554807020001
142,142,40.6352671154,-74.1065936765
143,143,40.7475211577,-73.9804080692
144,144,40.7118228658,-73.9427178116
145,145,40.8759667214,-73.84934511430001
146,146,40.7499871377,-73.9751590167
147,147,40.7983684009,-73.9407869856
148,148,40.7983107079,-73.9461836743
149,149,40.6389302751,-73.89502096609999
150,150,40.7685462285,-73.9112978959
151,151,40.8843099275,-73.9007049426
152,152,40.8102103076,-73.96149757159999
153,153,40.7008530208,-73.922046224
154,154,40.7694614058,-73.7363354578
155,155,40.6189416711,-74.0300418049
156,156,40.610507673200004,-73.9546725325
157,157,40.6467252901,-73.9037109127
158,158,40.7401571022,-73.9949357859
159,159,40.7318418606,-73.9839405159
160,160,40.7767081151,-73.9577221385
161,161,40.858890073400005,-73.9034392392
162,162,40.8564743618,-73.8559949201
163,163,40.8433466554,-73.91261459489999
164,164,40.6294323129,-74.0108826407
165,165,40.8550015635,-73.886609327
166,166,40.5868076748,-74.092020438
167,167,40.6687548769,-73.9166072173
168,168,40.6090469475,-73.971653535
169,169,40.6641509684,-73.9837601451
170,170,40.7442270224,-73.9860810837
171,171,40.7186873985,-74.0053066779
172,172,40.7263068354,-73.7891850507
173,173,40.611594573699996,-73.9734165927
174,174,40.8055528887,-73.9399875463
175,175,40.6324242288,-73.94668277689999
176,176,40.5867277902,-73.9523849235
177,177,40.7311465135,-73.9941972289
178,178,40.7018307048,-73.8816011067
179,179,40.712446765,-73.9969807722
180,180,40.5768362515,-73.9823004104
181,181,40.7832966102,-73.9809077452
182,182,40.7267718667,-73.7892425691
183,183,40.8236411736,-73.9440494088
184,184,40.6524733247,-73.9591311726
185,185,40.7344249846,-73.8743984699
186,186,40.8620295622,-73.8997973454
187,187,40.7639537253,-73.8817089845
188,188,40.5737913751,-74.1158601008
189,189,40.5970033324,-73.9749529031
190,190,40.748081766700004,-73.8790848309
191,191,40.7373472956,-73.9891660287
192,192,40.6422576344,-73.9578189262
193,193,40.707211744,-74.0094703677
194,194,40.8286054515,-73.948652718
195,195,40.7522277202,-73.9800947458
196,196,40.6301076849,-74.1073687271
197,197,40.5986945249,-73.9553743076
198,198,40.7598627381,-73.98822947229999
199,199,40.840496517,-73.917359464
200,200,40.7569139814,-73.9744028051
201,201,40.713024066399996,-73.8784964609
202,202,40.7615000808,-73.9744005002
203,203,40.6442065716,-73.9762731012
204,204,40.7508150738,-73.8627609087
205,205,40.5956540375,-73.9608577355
206,206,40.7620552332,-73.868894009
207,207,40.7065233121,-74.0064346065
208,208,40.739749971799995,-73.9872720922
209,209,40.6854157904,-73.8284391815
210,210,40.7556347477,-73.9743081126
211,211,40.7644104776,-73.9156115478
212,212,40.8392726772,-73.9184926999
213,213,40.6100911921,-73.98443287810001
214,214,40.8701620871,-73.9156291978
215,215,40.668818406599996,-73.9169497036
216,216,40.853353391700004,-73.8890394417
217,217,40.7352553555,-73.875952117
218,218,40.7479454984,-73.97849321460001
219,219,40.6182775782,-73.9322583483
220,220,40.6802211054,-73.9404547643
221,221,40.7127296896,-73.8787692771
222,222,40.5963012378,-73.9799023115
223,223,40.713389092,-73.7644646325
224,224,40.849562058400004,-73.9344967862
225,225,40.7056857555,-73.80205693
226,226,40.627745803,-73.9471389595
227,227,40.633138176799996,-73.993608967
228,228,40.747452077300004,-73.9918245115
229,229,40.6401869389,-73.9945394385
230,230,40.7365271114,-73.7125304077
231,231,40.746446024899996,-73.9877734658
232,232,40.7288258385,-73.7820112489
233,233,40.608193765,-73.9571710108
234,234,40.7434894891,-73.9826614946
235,235,40.709197363200005,-73.8188532779
236,236,40.879713803,-73.90410343010001
237,237,40.8097176494,-73.9241532615
238,238,40.7666667888,-73.912825295
239,239,40.8208879535,-73.8925443255
240,240,40.6187651318,-73.9906590601
241,241,40.739323065,-73.7005708962
242,242,40.7375255728,-73.99117235029999
243,243,40.6268903367,-73.9463895297
244,244,40.755571242399995,-73.82792787560001
245,245,40.7105091412,-73.851506288
246,246,40.751193649899996,-73.9793245226
247,247,40.599472263,-73.9890771968
248,248,40.7823188582,-73.9536289039
249,249,40.7215786027,-73.8415835666
250,250,40.59868295,-73.94164743489999
251,251,40.6584053258,-73.9603920296
252,252,40.6240053148,-73.92118018
253,253,40.600931377100004,-73.93674516829999
254,254,40.7039025292,-73.9415718964
255,255,40.6849412054,-73.9794797423
256,256,40.6194077926,-73.9185405129
257,257,40.7122275324,-73.8270275852
258,258,40.6800505879,-73.9969403881
259,259,40.7135118044,-74.009183232
260,260,40.7430279538,-73.91822108470001
261,261,40.742895637800004,-73.9440275938
262,262,40.748417096,-73.9941144425
263,263,40.6699730121,-73.9310817569
264,264,40.7432600554,-73.9863356637
265,265,40.6306065428,-74.02209598600001
266,266,40.8205471268,-73.8176979137
267,267,40.6129722334,-73.9630625953
268,268,40.7072188924,-73.8969292753
269,269,40.7076621451,-74.0057968845
270,270,40.634983310900004,-73.9674308662
271,271,40.7465966115,-73.8944130199
272,272,40.7182372857,-74.0004208245
273,273,40.7496488884,-73.8846533342
274,274,40.734016439899996,-73.9928895187
275,275,40.762050362,-73.9938303821
276,276,40.6125956001,-73.9966936646
277,277,40.6224222456,-74.004704123
278,278,40.5383258365,-74.1492046912
279,279,40.8366524659,-73.8521526463
280,280,40.757611827,-73.8277893117
281,281,40.7013874394,-73.9051689758
282,282,40.7604253595,-73.9211927858
283,283,40.8436130227,-73.8455358504
284,284,40.7457750659,-73.9945464963
285,285,40.865740836,-73.9264142183
286,286,40.9060963091,-73.8490940837
287,287,40.7271515569,-73.9523887133
288,288,40.6377668548,-73.8970682758
289,289,40.739420870100005,-73.98236965470001
290,290,40.6304178038,-73.9785264794
291,291,40.761602654,-73.962692623
292,292,40.8261184875,-73.94949391760001
293,293,40.8735810647,-73.8957442453
294,294,40.7750585913,-73.98410035270001
295,295,40.69253733,-73.8554279264
296,296,40.8490372595,-73.9320306734
297,297,40.676963461199996,-73.74268328
298,298,40.7557116145,-73.8829971605
299,299,40.7529887097,-73.791868694
300,300,40.6803591583,-73.8417673567
301,301,40.750009001,-73.97940456270001
302,302,40.727238425799996,-73.8531606722
303,303,40.750384796,-73.8702389446
304,304,40.7756859901,-73.90997153720001
305,305,40.7308919703,-73.9816904531
306,306,40.6746716127,-73.8038730965
307,307,40.6664921454,-73.9424013309
308,308,40.7523282133,-73.9957388024
309,309,40.7634422071,-73.8308906219
310,310,40.7655405494,-73.9186334658
311,311,40.7822309326,-73.9810894523
312,312,40.7187928429,-74.0008747574
313,313,40.5870718955,-73.9602048343
314,314,40.6816362377,-73.8794794584
315,315,40.7644228943,-73.884484614
316,316,40.7610941558,-73.8038147013
317,317,40.6761214729,-73.8197523515
318,318,40.7259193237,-73.85097405489999
319,319,40.7562189052,-73.9773998987
320,320,40.8259437211,-73.8215270428
321,321,40.6677856783,-73.93684916630001
322,322,40.761254655100004,-73.9779379761
323,323,40.7827106411,-73.9480852578
324,324,40.743050469800004,-73.9797036646
325,325,40.6079035633,-73.9605485263
326,326,40.7882811204,-73.9535047182
327,327,40.7069395772,-73.8976339062
328,328,40.7208455063,-73.9880158798
329,329,40.5984461514,-73.9582784884
330,330,40.8552825266,-73.8877158182
331,331,40.6858555076,-73.8273259738
332,332,40.7045183422,-73.8091942654
333,333,40.6755435616,-73.9719221161
334,334,40.8425692212,-73.8461077884
335,335,40.604911762,-73.9978402926
336,336,40.7675891473,-73.9620323346
337,337,40.636998799699995,-74.0075536503
338,338,40.740809449699995,-74.0018955165
339,339,40.7682265021,-73.9615702358
340,340,40.867713929000004,-73.8990709215
341,341,40.7455428198,-73.9951935746
342,342,40.7530120215,-73.9877336263
343,343,40.7461669474,-73.9422484062
344,344,40.77513214,-73.91037332810001
345,345,40.8630988657,-73.895167794
346,346,40.6529831502,-73.8385397725
347,347,40.703452761,-74.0131584464
348,348,40.6210631463,-74.0266674344
349,349,40.8725404817,-73.8755129668
350,350,40.6140833919,-74.0005164251
351,351,40.7182411493,-73.8373773846
352,352,40.8014333842,-73.96485678319999
353,353,40.8727580805,-73.88839260729999
354,354,40.7192979918,-73.996333597
355,355,40.7427381035,-73.9943618575
356,356,40.739888795300004,-73.9867252154
357,357,40.8554182869,-73.9057578608
358,358,40.754229086,-73.9765374427
359,359,40.7467709798,-73.8832519906
360,360,40.7312825443,-73.9941989312
361,361,40.7639437813,-73.9236620331
362,362,40.6944974358,-73.987092034
363,363,40.6824814566,-73.9095648241
364,364,40.705504299699996,-74.0060360494
365,365,40.7443642161,-73.992415247
366,366,40.6411970113,-73.9484629522
367,367,40.6051494922,-73.7521188744
368,368,40.742200544,-73.98321415619999
369,369,40.6408582193,-74.00407712399999
370,370,40.7519832817,-73.9888557814
371,371,40.7015766313,-73.8063213574
372,372,40.831306240100005,-73.830752161
373,373,40.7466615085,-73.9936711464
374,374,40.845336690399996,-73.8315209962
375,375,40.7288359441,-73.9846922488
376,376,40.8052836334,-73.93979776489999
377,377,40.598530150900004,-73.9597264726
378,378,40.850170446599996,-73.9329847344
379,379,40.7125522516,-73.8282447421
380,380,40.6012293638,-73.9343309096
381,381,40.7596713898,-73.9894950586
382,382,40.5902666931,-73.971062766
383,383,40.7022723339,-73.8198207568
384,384,40.670905626999996,-73.9421156499
385,385,40.7668512914,-73.9628603828
386,386,40.7195502431,-73.83931529520001
387,387,40.8295651202,-73.8740342314
388,388,40.7543040808,-73.9924509113
389,389,40.7696592702,-73.9624064832
390,390,40.8207099371,-73.9399583207
391,391,40.6906326587,-73.98812224439999
392,392,40.7264001099,-73.9954858259
393,393,40.6302805956,-74.0104305248
394,394,40.6412723391,-73.9859359439
395,395,40.6448022482,-73.95525619850001
396,396,40.6837556985,-73.8719952154
397,397,40.83293558,-73.851387127
398,398,40.6836689969,-73.834003728
399,399,40.7130192506,-73.878360999
400,400,40.746870517800005,-73.9524641717
401,401,40.7302941753,-73.9831988345
402,402,40.7603820389,-73.9700536033
403,403,40.774517788699995,-73.95911357840001
404,404,40.6683404145,-73.9066143947
405,405,40.8305150422,-73.9476773368
406,406,40.8367397065,-73.9435996141
407,407,40.6187547998,-73.9585014007
408,408,40.5964491462,-73.9845840751
409,409,40.7314149424,-73.99502450060001
410,410,40.7587433849,-73.83032673
411,411,40.7254959212,-73.7212396279
412,412,40.708181285500004,-73.8170624311
413,413,40.8434016441,-73.8360786603
414,414,40.7435469186,-73.932909607
415,415,40.7197072679,-74.00213961520001
416,416,40.7204636026,-73.8556100524
417,417,40.6302753044,-73.9524555552
418,418,40.7074930414,-73.9613986704
419,419,40.8472591372,-73.9316399607
420,420,40.618989622,-73.9229270922
421,421,40.7295120085,-73.8633005462
422,422,40.7024858897,-73.8029278697
423,423,40.7433663013,-73.9917195184
424,424,40.7183109325,-73.9947601584
425,425,40.742163951500004,-73.99491209140001
426,426,40.6324164378,-73.984176138
427,427,40.6346637924,-73.90162445189999
428,428,40.7617291331,-73.8305596455
429,429,40.6374320258,-73.89734060859999
430,430,40.8411270554,-73.94260311010001
431,431,40.7058251117,-74.0076234753
432,432,40.6359312055,-73.9950386698
433,433,40.7214684166,-73.84165656430001
434,434,40.693467939499996,-73.9800804829
435,435,40.684336082399994,-73.8327603579
436,436,40.7051772806,-74.0082566169
437,437,40.762190628,-73.9633080794
438,438,40.7467451749,-73.8929773217
439,439,40.7514680337,-73.8712267727
440,440,40.700459712800004,-73.8994197287
441,441,40.729400542,-73.9809917633
442,442,40.8097662547,-73.9504323482
443,443,40.621788452,-74.0057756652
444,444,40.7769938927,-73.9551716557
445,445,40.7323892238,-73.8573698818
446,446,40.8154663553,-73.91644485399999
447,447,40.7405186132,-73.9928278746
448,448,40.8477781615,-73.933124424
449,449,40.8280029668,-73.8234504105
450,450,40.7261038005,-73.8522199162
451,451,40.7001160887,-73.91202382
452,452,40.8463192309,-73.8317028388
453,453,40.7560730808,-73.9773075796
454,454,40.7675870568,-73.984717465
455,455,40.8312406035,-73.94113588270001
456,456,40.7755670837,-73.9100126281
457,457,40.7625421882,-73.8338075515
458,458,40.7681196983,-73.99314164399999
459,459,40.741761178800004,-73.8807684824
460,460,40.8577375664,-73.8836975017
461,461,40.8835254912,-73.8804727884
462,462,40.6399509073,-74.0764866292
463,463,40.7645021548,-73.83341814020001
464,464,40.7619959031,-73.99017350529999
465,465,40.5900268722,-73.9720713517
466,466,40.683934367,-73.8334004442
467,467,40.7626902001,-73.7709993871
468,468,40.6352333189,-73.96384371229999
469,469,40.6044760339,-73.9733101964
470,470,40.6388243295,-74.0097766423
471,471,40.5944711057,-74.0016005301
472,472,40.8533110319,-73.8676338501
473,473,40.8388319771,-73.9416062183
474,474,40.7529019165,-73.9226369378
475,475,40.620556827,-73.9886278891
476,476,40.663431083,-73.9250984634
477,477,40.765412745300004,-73.9795641687
478,478,40.812248488899996,-73.93812177390001
479,479,40.7431582335,-73.92146845020001
480,480,40.6532090651,-73.8864555255
481,481,40.7474582842,-73.9417967887
482,482,40.6190830275,-73.9455113222
483,483,40.6385155871,-73.8950814187
484,484,40.7321093599,-73.8676466202
485,485,40.7887805546,-73.95160653319999
486,486,40.8190642823,-73.9272245345
487,487,40.8076233574,-73.91956105130001
488,488,40.673735379899995,-73.95021077850001
489,489,40.759912586599995,-73.9900664469
490,490,40.7626802944,-73.981100348
491,491,40.7925588929,-73.95227545770001
492,492,40.6598968311,-73.8398535925
493,493,40.7598122147,-73.9662641264
494,494,40.862669902600004,-73.9249830632
495,495,40.760088524299995,-73.9712715608
496,496,40.6360075283,-74.0127067225
497,497,40.6994458008,-73.9049471033
498,498,40.599915327199994,-73.9903342058
499,499,40.6186191063,-73.93125899569999
500,500,40.6897573605,-73.9781525652
501,501,40.62562731,-73.9401974171
502,502,40.7741849747,-73.9078414629
503,503,40.610972107600006,-74.0089653622
504,504,40.8218907294,-73.9532597163
505,505,40.7377965524,-74.0039178832
506,506,40.7712487044,-73.7348503643
507,507,40.5882701217,-73.95434307949999
508,508,40.743537259899995,-73.91680150020001
509,509,40.7287878596,-73.99402729239999
510,510,40.9029584515,-73.8506325298
511,511,40.5766377255,-73.9840918739
512,512,40.6274732831,-74.0293273148
513,513,40.6130907879,-74.1217087921
514,514,40.7568882623,-73.8043867513
515,515,40.8112436659,-73.9534962003
516,516,40.7155592994,-73.7479142376
517,517,40.6675425256,-73.9880536463
518,518,40.615634591100005,-74.0050196748
519,519,40.761081365,-73.8019463654
520,520,40.7854362812,-73.9767752744
521,521,40.8280613947,-73.9245439849
522,522,40.7272481052,-73.8638568663
523,523,40.7666631408,-73.9688851944
524,524,40.7188777415,-73.9991798104
525,525,40.7436444557,-73.8877628324
526,526,40.800207807,-73.9385097273
527,527,40.7475536055,-73.9737152673
528,528,40.7002518873,-73.8294185618
529,529,40.7778314564,-73.9566978765
530,530,40.749455755,-73.7075937767
531,531,40.5768113512,-73.96418898399999
532,532,40.697610795500005,-73.80587799989999
533,533,40.6959025746,-73.9853929564
534,534,40.7016278096,-73.8062247207
535,535,40.773547995,-73.9071475926
536,536,40.7401573644,-73.923527423
537,537,40.680724921,-73.8432669999
538,538,40.6993691669,-73.83248296810001
539,539,40.6368176456,-73.8984593001
540,540,40.745556297,-73.71500631970001
541,541,40.752438558099996,-73.9253229771
542,542,40.8509564288,-73.9322226501
543,543,40.7658106696,-73.9192099249
544,544,40.741285051,-73.9946484064
545,545,40.746818060100004,-73.89368217090001
546,546,40.775230657399995,-73.9836171286
547,547,40.7504306231,-73.8783375788
548,548,40.7435685317,-73.9816825696
549,549,40.6255602516,-73.9984806784
550,550,40.7308447931,-73.8638956884
551,551,40.6685070502,-73.9851209331
552,552,40.6375160925,-74.07775355390001
553,553,40.6925517185,-73.85553560689999
554,554,40.7588698217,-73.9742299149
555,555,40.6944372629,-73.9928499785
556,556,40.6336777437,-73.9484181122
557,557,40.802112675100005,-73.9371203898
558,558,40.8126075163,-73.95545062149999
559,559,40.7595256022,-73.98915072310001
560,560,40.850996418,-73.93882721920001
561,561,40.6907137523,-73.8137585396
562,562,40.583564565399996,-74.0859124279
563,563,40.731790111100004,-73.8687368303
564,564,40.7654388793,-73.9575851187
565,565,40.7572451658,-73.9717124351
566,566,40.759731379899996,-73.9665167845
567,567,40.6091037342,-73.9719982148
568,568,40.6790099416,-73.8637884496
569,569,40.6002602944,-73.9339645347
570,570,40.7651785023,-73.9821704489
571,571,40.754777129000004,-73.9938278418
572,572,40.7461947734,-73.98419632470001
573,573,40.863728424,-73.9195935627
574,574,40.7494927354,-73.8889492723
575,575,40.6505016802,-73.9599781205
576,576,40.887763165100004,-73.9069015924
577,577,40.7438739648,-73.9228004704
578,578,40.7622294006,-73.9880346226
579,579,40.747983418800004,-73.9804861564
580,580,40.6227289412,-73.9649128128
581,581,40.753652973600005,-73.9342878823
582,582,40.885280512,-73.901046206
583,583,40.8773831264,-73.9070304719
584,584,40.6996007667,-73.9198414544
585,585,40.7854042578,-73.9790305889
586,586,40.637958889800004,-73.989510096
587,587,40.7554709403,-73.7669617816
588,588,40.5888318936,-73.9605961108
589,589,40.8816497579,-73.8826265075
590,590,40.8804458857,-73.9035900042
591,591,40.674371217600005,-73.9722912884
592,592,40.6456265471,-73.9581545341
593,593,40.6197975056,-74.0326521599
594,594,40.6015947181,-73.9934294371
595,595,40.7488794927,-73.8930783766
596,596,40.737278631500004,-73.9792227531
597,597,40.6599681814,-73.8851508338
598,598,40.8291471748,-73.8243957788
599,599,40.746750556500004,-73.8963269279
600,600,40.6177863766,-73.9589919461
601,601,40.693593184499996,-73.9925400996
602,602,40.7207462997,-73.8552390814
603,603,40.7457388018,-73.9877605843
604,604,40.704959650999996,-74.0070715563
605,605,40.8626565341,-73.9020309482
606,606,40.7416193504,-73.882424551
607,607,40.6279801938,-74.0130592466
608,608,40.6075429304,-74.0017566771
609,609,40.738467871,-73.92771800979999
610,610,40.755173528,-73.9870818514
611,611,40.719601307800005,-73.9875554412
612,612,40.6898256438,-73.9799799021
613,613,40.795653175700004,-73.9712769871
614,614,40.7059296289,-74.0058323211
615,615,40.5785677115,-73.8363242911
616,616,40.727336993,-73.9521056238
617,617,40.6797354072,-73.9682192627
618,618,40.6421395444,-74.0768295523
619,619,40.687416117800005,-73.8351551621
620,620,40.7387369741,-73.9867939219
621,621,40.7211053775,-74.0010372795
622,622,40.8083276774,-73.9638774008
623,623,40.7523141369,-73.9310845465
624,624,40.879839420500005,-73.8805290738
625,625,40.6329595104,-73.9834098741
626,626,40.716002415300004,-73.9871956413
627,627,40.632497512600004,-73.9495085905
628,628,40.7334823994,-74.0034475085
629,629,40.6102821029,-73.9556059132
630,630,40.695427149400004,-73.8398188755
631,631,40.747579621,-73.9745814966
632,632,40.876748753,-73.8469249408
633,633,40.7442244471,-73.9805870688
634,634,40.7417243556,-73.8815166032
635,635,40.6419481015,-73.9487048305
636,636,40.8098732065,-73.9474628008
637,637,40.7877908434,-73.9774946755
638,638,40.6311486873,-73.9954851733
639,639,40.6552371908,-73.9611435774
640,640,40.5966647594,-73.9743890649
641,641,40.7798154321,-73.95524589029999
642,642,40.6217351214,-74.0060385242
643,643,40.7361802298,-73.86569359890001
644,644,40.7005417567,-73.90444316850001
645,645,40.7183641536,-73.7359043735
646,646,40.8761954284,-73.82978629739999
647,647,40.75104207,-74.0015817225
648,648,40.6993431779,-73.99111468550001
649,649,40.721901108400004,-73.84969778439999
650,650,40.630899475,-74.1033907569
651,651,40.6200283717,-73.9893793115
652,652,40.7696281213,-73.9170302329
653,653,40.6157468742,-73.9294463224
654,654,40.8582403798,-73.88483197149999
655,655,40.6247909689,-73.9622093283
656,656,40.7093543425,-74.00862655569999
657,657,40.6818195103,-73.87879940239999
658,658,40.7619766051,-73.9726975664
659,659,40.5792636771,-74.10858396479999
660,660,40.6755261781,-73.9711360295
661,661,40.7221897973,-73.9891469262
662,662,40.7629455006,-73.82788967340001
663,663,40.8298630044,-73.8251214294
664,664,40.7031216822,-74.01273673029999
665,665,40.726155821199995,-73.7917492484
666,666,40.752140853600004,-73.9282647371
667,667,40.6836782895,-73.8343663105
668,668,40.6456948513,-74.013183935
669,669,40.743053454,-73.93289985770001
670,670,40.6347841615,-74.110732815
671,671,40.761427172,-73.9831412522
672,672,40.730094535700005,-73.8627117766
673,673,40.758860686300004,-73.9700701599
674,674,40.715298208,-73.9012674971
675,675,40.7219521117,-73.8674946727
676,676,40.7309523817,-73.8629316875
677,677,40.8152974041,-73.92884142289999
678,678,40.687246159000004,-73.9854024829
679,679,40.6340817335,-74.02384816
680,680,40.7679656484,-73.9929647413
681,681,40.699174574299995,-73.9184816115
682,682,40.7645242141,-73.98155874300001
683,683,40.7455322315,-73.9804601687
684,684,40.6289079719,-74.005553427
685,685,40.690699662,-73.956742921
686,686,40.8086800508,-73.9496226847
687,687,40.7642757124,-73.77093731720001
688,688,40.7803178493,-73.9548766971
689,689,40.6703829469,-73.9285941278
690,690,40.755146533,-73.8280691865
691,691,40.7184710987,-73.736208831
692,692,40.6433581839,-74.076598536
693,693,40.595997756100004,-73.98037537180001
694,694,40.6186771331,-73.9287505392
695,695,40.7228108696,-73.8194144941
696,696,40.6672558928,-73.95297644729999
697,697,40.876422558099996,-73.8485781106
698,698,40.7596066742,-73.97767260229999
699,699,40.710924311999996,-74.007900237
700,700,40.717895701799996,-73.99814404039999
701,701,40.742994168,-73.9823117644
702,702,40.634753833299996,-74.105789521
703,703,40.7479931807,-73.9774920427
704,704,40.713335855100006,-73.7615724887
705,705,40.7877498621,-73.95343423130001
706,706,40.8423285278,-73.8451407517
707,707,40.7414608825,-73.9915806159
708,708,40.7657854928,-73.744670284
709,709,40.7376474237,-73.9844346271
710,710,40.7943530853,-73.9511546967
711,711,40.7057867911,-73.8092061161
712,712,40.6190388156,-73.9288930873
713,713,40.7493527834,-73.8899807558
714,714,40.766288835,-73.9632709589
715,715,40.6418471535,-74.0774987503
716,716,40.751171568400004,-73.98336598600001
717,717,40.6434014509,-73.9778265401
718,718,40.760595945300004,-73.98419053319999
719,719,40.6474108815,-73.958513482
720,720,40.636485320700004,-73.8979488066
721,721,40.7619300968,-73.9851305512
722,722,40.8375391358,-73.90674492810001
723,723,40.6321775635,-74.02145534729999
724,724,40.6970434437,-73.991686206
725,725,40.7407843203,-73.7857726199
726,726,40.6450963989,-73.9584109854
727,727,40.6051763966,-73.9807210888
728,728,40.6470937571,-73.90439757840001
729,729,40.8851922884,-73.9092006476
730,730,40.7433014825,-73.9877458735
731,731,40.7015766832,-73.8069956014
732,732,40.7433824773,-73.9923201709
733,733,40.7136364802,-73.7793066646
734,734,40.6635316463,-73.92517991
735,735,40.8895489852,-73.8980549033
736,736,40.6348430468,-73.9950516694
737,737,40.7567150098,-73.9691081567
738,738,40.6492817426,-73.96298958
739,739,40.6347562775,-74.1051167325
740,740,40.7572162589,-73.829891303
741,741,40.7722095486,-73.7343238864
742,742,40.759259331500004,-73.7686609313
743,743,40.5857296013,-74.0878139616
744,744,40.635833616999996,-73.99117601020001
745,745,40.6065547778,-73.9641602511
746,746,40.780555176,-73.8025462204
747,747,40.74505375,-73.8877842783
748,748,40.7581452536,-73.9735022488
749,749,40.7474291587,-73.88646888550001
750,750,40.7645885636,-73.9836804486
751,751,40.6379454618,-73.9682852338
752,752,40.5392892314,-74.1486961714
753,753,40.7213757921,-73.9937638371
754,754,40.7180263945,-73.9903323363
755,755,40.762163393899996,-73.9895649787
756,756,40.7469334629,-73.8900244382
757,757,40.633087015,-74.01196166220001
758,758,40.7405864202,-74.0046977566
759,759,40.7518093885,-73.9884424555
760,760,40.6383702408,-74.07718872640001
761,761,40.7328778621,-73.8499695948
762,762,40.7328261151,-73.9873744378
763,763,40.696415700100005,-73.9341029685
764,764,40.747143736999995,-73.8880228403
765,765,40.791105011999996,-73.9741630191
766,766,40.6605110657,-73.98037150180001
767,767,40.8591306519,-73.8984536288
768,768,40.5714669538,-74.1119887837
769,769,40.6893903044,-73.9906194297
770,770,40.753309093,-73.9346010978
771,771,40.7007077515,-73.8989270124
772,772,40.6543908552,-73.8876633703
773,773,40.7381464634,-73.98057004409999
774,774,40.7062223891,-74.0091259393
775,775,40.7638580244,-73.9160614535
776,776,40.746179779,-73.9439015277
777,777,40.849732520100005,-73.93602654189999
778,778,40.7329402418,-74.0033079528
779,779,40.730043359899994,-73.8610094885
780,780,40.7473527475,-73.9770835388
781,781,40.8333710157,-73.8510466369
782,782,40.6426632984,-73.9486175521
783,783,40.6296750797,-73.9795949616
784,784,40.7436735191,-73.97926570899999
785,785,40.7889475085,-73.8135541222
786,786,40.7329283317,-73.98612143439999
787,787,40.7476068548,-73.9866905415
788,788,40.708315278,-73.8003161783
789,789,40.7382855924,-73.989590682
790,790,40.7230225383,-73.8685795637
791,791,40.8455445027,-73.8649849087
792,792,40.6759419836,-73.9635018256
793,793,40.7598955466,-73.9689013746
794,794,40.7468603525,-73.9868345336
795,795,40.7108412461,-73.85287846930001
796,796,40.5752715623,-73.9632556575
797,797,40.6379147614,-73.9946618127
798,798,40.7612762916,-73.9687726106
799,799,40.7594609155,-73.9814635212
800,800,40.7533075873,-73.8328225872
801,801,40.6304731941,-73.9775746972
802,802,40.7624753083,-73.960031132
803,803,40.755104691,-73.98884287850001
804,804,40.7485294735,-73.8774005977
805,805,40.8537129239,-73.8831655452
806,806,40.7569767174,-73.9755618012
807,807,40.7624466598,-73.9861303636
808,808,40.6870169324,-73.9770198249
809,809,40.7545448687,-73.9932777985
810,810,40.639031752600005,-73.9882634503
811,811,40.719251809,-74.0046668757
812,812,40.801406278099996,-73.9373511962
813,813,40.8986025792,-73.867303739
814,814,40.6846888232,-73.9947017935
815,815,40.6297409203,-74.1100185003
816,816,40.726574353800004,-73.86454425149999
817,817,40.8305769562,-73.8262554175
818,818,40.6161529051,-73.9928160236
819,819,40.7545700865,-73.9930824301
820,820,40.753123600100004,-73.7928106017
821,821,40.6102903613,-73.99901814260001
822,822,40.745096223400004,-73.9041743671
823,823,40.6582983777,-73.8394540259
824,824,40.7239479631,-73.9972109702
825,825,40.6815069962,-73.85593822989999
826,826,40.6523955591,-74.0066088204
827,827,40.8419146231,-73.8590890456
828,828,40.7085323802,-74.0105126353
829,829,40.848204856500004,-73.8558200053
830,830,40.7087635627,-73.7969230505
831,831,40.6109942775,-73.9235407801
832,832,40.6684538958,-73.90643940000001
833,833,40.7147966566,-73.8076489253
834,834,40.6704545522,-73.91087033689999
835,835,40.7878165154,-73.9767130478
836,836,40.7521833873,-73.92586708489999
837,837,40.739606346500004,-73.8782563827
838,838,40.727155301399996,-73.9880666255
839,839,40.6314253475,-73.9456312368
840,840,40.6337138408,-74.0214241282
841,841,40.7548282704,-73.817224181
842,842,40.6136749572,-74.0004717648
843,843,40.787431046,-73.97704019470001
844,844,40.6260268631,-73.9406237897
845,845,40.6153527113,-74.10232697640001
846,846,40.6420393135,-74.0136056716
847,847,40.7446187787,-73.9108100581
848,848,40.6800784341,-73.9427488391
849,849,40.5780398857,-73.9566616564
850,850,40.7664225503,-73.7728829157
851,851,40.6402648475,-74.0044976096
852,852,40.6997226943,-73.9101838888
853,853,40.7075113388,-73.8973523291
854,854,40.5928818974,-73.996105738
855,855,40.807200817399995,-73.9494161886
856,856,40.8623426309,-73.8906806068
857,857,40.6295032103,-74.1123932611
858,858,40.6752149698,-73.738101187
859,859,40.7714005054,-73.9658252354
860,860,40.7225975808,-74.0040895707
861,861,40.6649095577,-73.9371086518
862,862,40.780829085,-73.9497476407
863,863,40.7942505283,-73.9663855168
864,864,40.7383479477,-73.99337228569999
865,865,40.61669564,-74.0341146309
866,866,40.8558617816,-73.8885268121
867,867,40.7505267496,-73.8620982333
868,868,40.7130682425,-74.0103028282
869,869,40.7579117302,-73.78406914909999
870,870,40.7823183931,-73.9512858446
871,871,40.8098916244,-73.9485327168
872,872,40.6461651424,-73.9035540865
873,873,40.833677593699996,-73.8287372982
874,874,40.8654170125,-73.86397070689999
875,875,40.7491755218,-73.8869927553
876,876,40.7395801606,-73.9248377924
877,877,40.843832104,-73.8454754256
878,878,40.6233883452,-74.00479327010001
879,879,40.6086935147,-73.9591595629
880,880,40.675556433400004,-73.9747952282
881,881,40.7260955068,-73.9948718704
882,882,40.7449322246,-73.9918545845
883,883,40.6997381495,-73.9056750025
884,884,40.678553361300004,-73.8685009499
885,885,40.716508413,-73.7437075558
886,886,40.7226229064,-73.9500604365
887,887,40.742895044,-73.98677595720001
888,888,40.6855248034,-73.8288965512
889,889,40.768111818899996,-73.9891656896
890,890,40.743734371100004,-73.9994797817
891,891,40.613133206,-73.9961501563
892,892,40.8420332714,-73.9418769486
893,893,40.5751342024,-73.98120350239999
894,894,40.7395683765,-73.9962745227
895,895,40.769858931,-73.7889723444
896,896,40.7522732763,-73.97349481890001
897,897,40.639639349,-74.0053433932
898,898,40.7495046958,-73.9892704497
899,899,40.7175716377,-73.9917411081
900,900,40.7308666396,-73.9895182533
901,901,40.6876263836,-73.9186623358
902,902,40.572911362199996,-73.9956002728
903,903,40.6845975922,-73.8446074253
904,904,40.671995225,-73.977222263
905,905,40.7978849895,-73.93700777869999
906,906,40.7638796789,-73.829153946
907,907,40.595859197399996,-73.9735098464
908,908,40.7487655656,-73.98800822390001
909,909,40.8694994207,-73.8445696589
910,910,40.7402010071,-73.9920735673
911,911,40.7524443373,-73.9786494777
912,912,40.7502948868,-73.8768830679
913,913,40.7462869859,-73.9532495266
914,914,40.6555091304,-73.91516540100001
915,915,40.7601877486,-73.83171234390001
916,916,40.874194927800005,-73.8792654582
917,917,40.7015792429,-73.8846384154
918,918,40.7500199436,-73.9825487188
919,919,40.7313151797,-73.9855754438
920,920,40.649907704099995,-73.9608807744
921,921,40.8352333942,-73.9396721521
922,922,40.7019779456,-73.9422490947
923,923,40.5981504796,-73.9968924944
924,924,40.7141205386,-73.9512955989
925,925,40.6390498576,-73.9079868397
926,926,40.7634116459,-73.9154798755
927,927,40.7982582626,-73.9418073538
928,928,40.7230504769,-73.7995610549
929,929,40.857787983,-73.9000125438
930,930,40.6001073892,-73.9442538817
931,931,40.7750410918,-73.9086008604
932,932,40.7462430188,-73.8999692672
933,933,40.6885736833,-73.8183090234
934,934,40.7536240525,-73.8223487593
935,935,40.862784474,-73.9029045495
936,936,40.7080122321,-73.89781865229999
937,937,40.6909221318,-73.98445329569999
938,938,40.7548437627,-73.8912574396
939,939,40.6804138677,-73.9749234216
940,940,40.7764579688,-73.9112730722
941,941,40.6652988765,-73.93695317
942,942,40.8681100012,-73.8674128741
943,943,40.6262601246,-73.9405590487
944,944,40.7450195518,-73.93858167260001
945,945,40.7219678423,-73.8428498863
946,946,40.6381839759,-73.95322203319999
947,947,40.8260290255,-73.8218603847
948,948,40.7181393013,-73.9920236029
949,949,40.747908636999995,-73.7561916018
950,950,40.744192443,-73.940755416
951,951,40.8506007462,-73.9332495597
952,952,40.7607981895,-73.9176110379
953,953,40.7129151874,-73.8795031232
954,954,40.7548867802,-73.9861669756
955,955,40.667456912199995,-73.9880755949
956,956,40.7287794329,-73.987656212
957,957,40.7771644522,-73.9092932059
958,958,40.7578748039,-73.99289431300001
959,959,40.6711376371,-73.9308278946
960,960,40.8358860525,-73.9219595853
961,961,40.6041466427,-73.97085909270001
962,962,40.7277602486,-73.8542753905
963,963,40.8537571814,-73.8896000025
964,964,40.617186654099996,-74.02717352260001
965,965,40.7687309309,-73.98742474939999
966,966,40.717709888899996,-73.8361401831
967,967,40.7431703527,-73.9956377396
968,968,40.8528505255,-73.85322671760001
969,969,40.7153121496,-73.9921662616
970,970,40.6473725452,-73.9712635005
971,971,40.5998790448,-74.0025627096
972,972,40.7334339827,-73.87325368479999
973,973,40.6249171551,-73.9179600953
974,974,40.7565525852,-73.9820776565
975,975,40.757555618299996,-73.9786400743
976,976,40.7411615703,-73.996173463
977,977,40.7996630653,-73.938906147
978,978,40.7354752646,-73.988356692
979,979,40.7170616127,-73.8343433149
980,980,40.581129105500004,-73.8379718826
981,981,40.7625675481,-73.9791607155
982,982,40.773776096,-73.9548541284
983,983,40.8635660045,-73.8948131965
984,984,40.739606878800004,-73.989082305
985,985,40.744979536100004,-73.9911556306
986,986,40.743600927399996,-73.9185587982
987,987,40.8205146679,-73.9549802783
988,988,40.7757084756,-73.983628685
989,989,40.684040065,-73.8335778038
990,990,40.7613337759,-73.9711797883
991,991,40.6022349283,-73.9723922024
992,992,40.7435009729,-73.95408227520001
993,993,40.7501587542,-73.8824380058
994,994,40.8391985718,-73.9146383552
995,995,40.82598957,-73.9505623152
996,996,40.7404099973,-73.8151687755
997,997,40.6216224369,-73.9359593477
998,998,40.8689456037,-73.902668076
999,999,40.7095079538,-74.0094698171
1000,1000,40.7305226994,-73.9544059193
1001,1001,40.7389956452,-73.9837670005
1002,1002,40.657693311399996,-73.9311371242
1003,1003,40.6807195018,-73.95551785640001
1004,1004,40.860984275999996,-73.9024361148
1005,1005,40.7449153449,-73.98989255020001
1006,1006,40.6183462761,-73.9564071052
1007,1007,40.700348268,-73.8295793592
1008,1008,40.7054306127,-73.7983154818
1009,1009,40.7556156058,-73.927818312
1010,1010,40.6379560644,-74.0793305888
1011,1011,40.7185573328,-73.7652576328
1012,1012,40.8488723467,-73.93286219640001
1013,1013,40.7446209173,-73.9930292793
1014,1014,40.843090557800004,-73.84505643199999
1015,1015,40.7257092559,-73.7204871915
1016,1016,40.8763063646,-73.8482916757
1017,1017,40.7473724861,-73.9798507589
1018,1018,40.7165067588,-73.98936500079999
1019,1019,40.6101843504,-73.9993123629
1020,1020,40.7232897086,-73.9854441088
1021,1021,40.6894425073,-73.8160838027
1022,1022,40.5849675786,-74.0935699487
1023,1023,40.664017111599996,-73.9505150099
1024,1024,40.847460813299996,-73.9001794254
1025,1025,40.7582191632,-73.9710001788
1026,1026,40.577149934699996,-73.9652622313
1027,1027,40.706974892699996,-74.0071902379
1028,1028,40.707720124699996,-73.7871371616
1029,1029,40.8625778568,-73.899722162
1030,1030,40.641758383,-74.0033505531
1031,1031,40.7475280933,-73.8631085337
1032,1032,40.7452554085,-73.904786399
1033,1033,40.7741411792,-73.98080848
1034,1034,40.6939928232,-73.85143598100001
1035,1035,40.7195883143,-73.8403941155
1036,1036,40.8626853088,-73.85769504
1037,1037,40.7470367185,-73.8915160563
1038,1038,40.7546616284,-73.92259697760001
1039,1039,40.7727412024,-73.9860561138
1040,1040,40.6196301367,-73.91928362819999
1041,1041,40.6153615305,-73.97434632779999
1042,1042,40.6361734929,-73.9780676887
1043,1043,40.7463236542,-73.89584296689999
1044,1044,40.844548690799996,-73.9370873956
1045,1045,40.835321083800004,-73.8326849046
1046,1046,40.7444110217,-73.99227957
1047,1047,40.7496312063,-73.8616283583
1048,1048,40.7942444532,-73.9703514822
1049,1049,40.7165901459,-73.8337184602
1050,1050,40.6987376191,-73.9194287242
1051,1051,40.660018513400004,-73.8305104802
1052,1052,40.6849712475,-73.84375162810001
1053,1053,40.6946342321,-73.8481733859
1054,1054,40.7383267931,-73.9866233041
1055,1055,40.6206240981,-74.0071960524
1056,1056,40.719443657199996,-74.0085805735
1057,1057,40.7461705221,-74.0014173039
1058,1058,40.7641416102,-73.98115524159999
1059,1059,40.8295560237,-73.8755214075
1060,1060,40.7567073937,-73.9349538659
1061,1061,40.578078283400004,-73.9606380639
1062,1062,40.7028155198,-73.9895515793
1063,1063,40.6104686143,-73.9572421637
1064,1064,40.61618501,-73.9861101604
1065,1065,40.7254855408,-73.7213474509
1066,1066,40.7796305639,-73.9810114116
1067,1067,40.617917417600005,-73.9994312275
1068,1068,40.7674462531,-73.9644817132
1069,1069,40.907435211300005,-73.9038304066
1070,1070,40.5972482783,-73.9859194316
1071,1071,40.7631581969,-73.9927809956
1072,1072,40.804504853400005,-73.9379517151
1073,1073,40.574054925,-74.1178253326
1074,1074,40.6730248795,-73.9502769556
1075,1075,40.7862894199,-73.9486730405
1076,1076,40.6790309932,-73.9682611837
1077,1077,40.6819547037,-73.959318141
1078,1078,40.6781978099,-73.8308109272
1079,1079,40.749741801999996,-73.9857005528
1080,1080,40.667084012800004,-73.9309956483
1081,1081,40.7277769542,-73.9991223193
1082,1082,40.6028692293,-73.9952073441
1083,1083,40.777879069899996,-73.9568691992
1084,1084,40.634685236799996,-73.9631345801
1085,1085,40.6297955308,-73.9184786367
1086,1086,40.763032472,-73.9682832827
1087,1087,40.7177061649,-73.9950547691
1088,1088,40.7542359911,-73.9172711211
1089,1089,40.7360203551,-73.9916396876
1090,1090,40.6321586425,-73.9485251925
1091,1091,40.6298867828,-74.0109473558
1092,1092,40.8271876946,-73.9245966567
1093,1093,40.7497456472,-73.8848732023
1094,1094,40.7578748108,-73.9796418597
1095,1095,40.583786398200004,-73.9445323255
1096,1096,40.8201173019,-73.9403929245
1097,1097,40.5436116258,-74.1650353387
1098,1098,40.7857933233,-73.9550996901
1099,1099,40.740433604,-73.787054422
1100,1100,40.7719937457,-73.9863152165
1101,1101,40.7628595499,-73.96282292640001
1102,1102,40.7293949736,-73.8632351786
1103,1103,40.7651208308,-73.97018001859999
1104,1104,40.7205588946,-73.8189469671
1105,1105,40.6519257507,-73.9313609209
1106,1106,40.7244856902,-73.9983720744
1107,1107,40.800881025500004,-73.965264499
1108,1108,40.8407926617,-73.8415694783
1109,1109,40.6092388701,-74.0060999565
1110,1110,40.7486412817,-73.894288245
1111,1111,40.7606411258,-73.98791231930001
1112,1112,40.7086756721,-73.8037187539
1113,1113,40.7425739734,-73.9535241131
1114,1114,40.8638819802,-73.8972920738
1115,1115,40.8177237805,-73.92366938560001
1116,1116,40.614996862699996,-73.96319550689999
1117,1117,40.8063109912,-73.9417890964
1118,1118,40.6697954931,-73.9103772742
1119,1119,40.6711594504,-73.7738944166
1120,1120,40.8282986395,-73.8814548121
1121,1121,40.7637213844,-73.7704599539
1122,1122,40.6371368282,-74.0776866932
1123,1123,40.7890274776,-73.8127730713
1124,1124,40.6304839502,-74.0282729094
1125,1125,40.7165168919,-73.8337907674
1126,1126,40.5994956444,-73.9509366663
1127,1127,40.7754687236,-73.9581017754
1128,1128,40.839503312800005,-73.8428591161
1129,1129,40.7548985727,-73.9725843634
1130,1130,40.7171543264,-73.9903560705
1131,1131,40.7168576108,-74.0082698777
1132,1132,40.731246794200004,-73.95434329
1133,1133,40.7462357768,-73.8260050821
1134,1134,40.810053405,-73.9506708152
1135,1135,40.740328753600004,-73.9895315698
1136,1136,40.764489112,-73.8240347105
1137,1137,40.6814172391,-73.8472348251
1138,1138,40.6909730261,-73.9966822006
1139,1139,40.835820114099995,-73.8522166671
1140,1140,40.7114237902,-73.9469267871
1141,1141,40.6189840848,-73.92533134359999
1142,1142,40.8540513118,-73.9121980939
1143,1143,40.6004659473,-73.94391851520001
1144,1144,40.781667640100004,-73.97556500399999
1145,1145,40.6926899622,-73.857109065
1146,1146,40.7106465874,-73.7939946721
1147,1147,40.7544912561,-73.9912760782
1148,1148,40.6949064504,-73.99487114
1149,1149,40.8242623352,-73.8204720434
1150,1150,40.729066779899995,-73.78193549
1151,1151,40.7559487391,-73.7671589989
1152,1152,40.6890578471,-73.9887648696
1153,1153,40.7358196928,-73.998096296
1154,1154,40.748886747600004,-73.8746312209
1155,1155,40.6086836734,-73.9244567657
1156,1156,40.6110172773,-73.9624425469
1157,1157,40.6041542874,-73.97096319890001
1158,1158,40.738532619299995,-73.98537779770001
1159,1159,40.7479140695,-73.9813755667
1160,1160,40.7631535956,-73.985332903
1161,1161,40.7479305945,-73.9794826019
1162,1162,40.7344991101,-73.8749977817
1163,1163,40.707304965300004,-73.7889338563
1164,1164,40.7576002467,-73.9663988929
1165,1165,40.772909679899996,-73.9599659221
1166,1166,40.7256246376,-73.8214651819
1167,1167,40.7505462869,-73.8590906517
1168,1168,40.6396046972,-74.0199079279
1169,1169,40.755154276999995,-73.9909079099
1170,1170,40.7468847712,-74.00089215770001
1171,1171,40.7613797484,-73.8268908319
1172,1172,40.6305715517,-73.9770100342
1173,1173,40.6010412826,-73.9368800594
1174,1174,40.749382909299996,-73.9733593813
1175,1175,40.857673445399996,-73.8995185988
1176,1176,40.6353732838,-74.0092328948
1177,1177,40.7500606673,-73.8834747367
1178,1178,40.591346297600005,-73.9399976689
1179,1179,40.808715829499995,-73.9487200761
1180,1180,40.6179082255,-74.030237556
1181,1181,40.7419026671,-73.9260740245
1182,1182,40.5754564661,-74.11923604319999
1183,1183,40.7122475632,-73.7842965592
1184,1184,40.6943806346,-73.9929599613
1185,1185,40.7538456161,-73.9737121167
1186,1186,40.6381289081,-73.8958039135
1187,1187,40.70040704,-73.9207888465
1188,1188,40.840525424,-73.9183716033
1189,1189,40.8837987312,-73.8981066492
1190,1190,40.6688619153,-73.9158779611
1191,1191,40.672126373699996,-73.9503634202
1192,1192,40.7206333674,-73.8444156788
1193,1193,40.5903841134,-73.952627099
1194,1194,40.633033853,-74.027230786
1195,1195,40.646517918,-74.0089486496
1196,1196,40.6296413384,-73.9793393178
1197,1197,40.6152032396,-73.9629712705
1198,1198,40.8175213684,-73.9236691567
1199,1199,40.742265600100005,-73.9533569425
1200,1200,40.6093584474,-73.9708988453
1201,1201,40.63344414,-73.95222407109999
1202,1202,40.572001392,-74.1125059971
1203,1203,40.6856273788,-73.8281800731
1204,1204,40.7376706523,-73.9842618501
1205,1205,40.862014601700004,-73.9017948316
1206,1206,40.7698129661,-73.9185067833
1207,1207,40.889073521,-73.8982912166
1208,1208,40.7227575439,-73.99893981550001
1209,1209,40.6998137031,-73.9055691766
1210,1210,40.6042758978,-73.9700447502
1211,1211,40.6249109471,-73.96128406369999
1212,1212,40.856059834,-73.8870557088
1213,1213,40.7584043773,-73.9184304679
1214,1214,40.762218562600005,-73.9782756813
1215,1215,40.6369551501,-73.8980773034
1216,1216,40.729407583800004,-73.859049256
1217,1217,40.5752703448,-73.9771640495
1218,1218,40.745613231,-73.9053399936
1219,1219,40.7285593341,-73.8549243476
1220,1220,40.776575257,-73.9823065592
1221,1221,40.7252830689,-73.7231293741
1222,1222,40.6438932022,-73.9583241599
1223,1223,40.7368849999,-73.98175329760001
1224,1224,40.686471453,-73.8231885277
1225,1225,40.7605587329,-73.9704676911
1226,1226,40.7282736482,-73.9942716864
1227,1227,40.758156443699995,-73.9667219481
1228,1228,40.7252301136,-73.8499043495
1229,1229,40.6763833372,-73.866191929
1230,1230,40.6144790782,-74.0846613206
1231,1231,40.7627472204,-73.8746133804
1232,1232,40.7488657739,-73.8702948937
1233,1233,40.7198319029,-73.9962143905
1234,1234,40.7493305402,-73.9828223704
1235,1235,40.607419944600004,-73.943522972
1236,1236,40.752509394,-73.9884526918
1237,1237,40.6199060808,-73.98976401649999
1238,1238,40.737764261799995,-73.9917362267
1239,1239,40.6880082163,-73.819772125
1240,1240,40.8371491483,-73.84710434590001
1241,1241,40.7380951353,-73.9873119124
1242,1242,40.6670470172,-73.98797131149999
1243,1243,40.5753919024,-73.97865025520001
1244,1244,40.7111909723,-73.7909308877
1245,1245,40.8087159512,-73.9446338968
1246,1246,40.698139497,-73.9374490663
1247,1247,40.758708933600005,-73.97359638399999
1248,1248,40.767583306999995,-73.98581456810001
1249,1249,40.742225921199996,-73.9288576508
1250,1250,40.672821808,-73.9765280561
1251,1251,40.7146130363,-73.9987677705
1252,1252,40.651961241900004,-73.8378826469
1253,1253,40.725354368299996,-73.9521404483
1254,1254,40.740194175999996,-73.9237307896
1255,1255,40.6701012575,-73.9309275795
1256,1256,40.7981753872,-73.9690108418
1257,1257,40.760904240900004,-73.98100539869999
1258,1258,40.7404440166,-73.9847752584
1259,1259,40.720010048,-74.0120150435
1260,1260,40.7455578191,-73.9844684974
1261,1261,40.762389974899996,-73.814462287
1262,1262,40.684289166,-73.8324907675
1263,1263,40.8178250812,-73.9278141079
1264,1264,40.7451929905,-73.9864659511
1265,1265,40.8606978865,-73.8948899957
1266,1266,40.7602732417,-73.9180373843
1267,1267,40.7636018156,-73.8313569579
1268,1268,40.8106437335,-73.95207331430001
1269,1269,40.7393884443,-73.9796635775
1270,1270,40.7440204491,-73.98392531399999
1271,1271,40.7493684329,-73.9818840848
1272,1272,40.6290003927,-74.0002791573
1273,1273,40.7474353644,-73.9832922415
1274,1274,40.7469215491,-73.9831510906
1275,1275,40.7250015923,-73.9970369837
1276,1276,40.698975190300004,-73.8341206465
1277,1277,40.6005521143,-73.9428736092
1278,1278,40.8464936825,-73.9384725929
1279,1279,40.7614171065,-73.98803959109999
1280,1280,40.834344267,-73.8511312362
1281,1281,40.7933003658,-73.9670848347
1282,1282,40.8457960813,-73.936184432
1283,1283,40.577210329,-73.9623569745
1284,1284,40.7812924802,-73.9491268375
1285,1285,40.6739433662,-73.9760690731
1286,1286,40.645685106799995,-73.9726851827
1287,1287,40.7471540583,-73.8890442304
1288,1288,40.6534045408,-73.9593169292
1289,1289,40.8753431308,-73.8937433134
1290,1290,40.8674272485,-73.8969661044
1291,1291,40.8086292808,-73.94729447590001
1292,1292,40.6354683707,-73.9624449423
1293,1293,40.573360982800004,-74.1170395977
1294,1294,40.7352568619,-73.8738760388
1295,1295,40.7606430768,-73.8260367216
1296,1296,40.748615670700005,-73.8627752047
1297,1297,40.7613158702,-73.9759133017
1298,1298,40.683541453400004,-73.97906262779999
1299,1299,40.7523583824,-73.9250775352
1300,1300,40.7665569112,-73.7722041308
1301,1301,40.626718457399996,-74.0238534006
1302,1302,40.5939259296,-73.9609844984
1303,1303,40.7451033379,-73.92062132
1304,1304,40.6187405415,-73.9562302277
1305,1305,40.7399045162,-73.9825104553
1306,1306,40.6980366178,-73.8351295495
1307,1307,40.6981338028,-73.9371592649
1308,1308,40.8251774673,-73.8205082792
1309,1309,40.6211976292,-74.0063967278
1310,1310,40.6828454342,-73.9635652638
1311,1311,40.6372743715,-74.0780248727
1312,1312,40.8501383954,-73.93377842689999
1313,1313,40.7480899083,-73.98080329279999
1314,1314,40.7610255669,-73.92279019680001
1315,1315,40.7054464222,-74.0049146855
1316,1316,40.704078400300006,-74.00789162310001
1317,1317,40.7656077969,-73.990993529
1318,1318,40.7027433796,-73.9566961187
1319,1319,40.7419771648,-73.9579941427
1320,1320,40.7663942238,-73.91965860319999
1321,1321,40.7091276959,-73.7981887018
1322,1322,40.7636977962,-73.83326447270001
1323,1323,40.7580798906,-73.9781790121
1324,1324,40.675452142800005,-73.98102276270001
1325,1325,40.710046341500004,-74.00628206489999
1326,1326,40.5945985441,-73.9503735902
1327,1327,40.7036068884,-74.0098695773
1328,1328,40.744208087800004,-73.98414006680001
1329,1329,40.706363443600004,-73.7913699739
1330,1330,40.6853556211,-74.0024779009
1331,1331,40.776207045300005,-73.9528346394
1332,1332,40.7459146256,-73.9997642024
1333,1333,40.7625949479,-73.9291280349
1334,1334,40.755668452399995,-73.98801805939999
1335,1335,40.742030295300005,-73.9905219482
1336,1336,40.6873735421,-73.8206540575
1337,1337,40.7424762477,-73.8714608404
1338,1338,40.6066976289,-73.9641355163
1339,1339,40.666484707399995,-73.8828786659
1340,1340,40.7783290865,-73.9563348967
1341,1341,40.7443672259,-73.9393914609
1342,1342,40.754476413,-73.9919423745
1343,1343,40.804069731700004,-73.9547540284
1344,1344,40.7137203031,-73.9901186138
1345,1345,40.7038257982,-73.9415679074
1346,1346,40.715036639299996,-74.0125618301
1347,1347,40.8608865796,-73.9269257489
1348,1348,40.7321772604,-73.8099198307
1349,1349,40.6255199958,-73.9614019142
1350,1350,40.7500406642,-73.882025585
1351,1351,40.661110302800004,-73.99355397800001
1352,1352,40.82636762,-73.8214536303
1353,1353,40.831590922,-73.8268935846
1354,1354,40.8113065469,-73.9520738042
1355,1355,40.6130642691,-74.1236554432
1356,1356,40.5903712284,-73.9740484342
1357,1357,40.6077513056,-73.9622559739
1358,1358,40.8586835411,-73.8860617689
1359,1359,40.700568314499996,-73.89816612199999
1360,1360,40.798221454200004,-73.9634849175
1361,1361,40.693426934099996,-73.9288625842
1362,1362,40.7328024483,-73.992018153
1363,1363,40.7455526142,-73.9536963605
1364,1364,40.6040742684,-74.0066040797
1365,1365,40.7554108184,-73.8154040578
1366,1366,40.7574520916,-73.9203304185
1367,1367,40.7615002371,-73.76935402710001
1368,1368,40.760105095,-73.98386178220001
1369,1369,40.757580486799995,-73.8650630975
1370,1370,40.760723561,-73.9262707521
1371,1371,40.7095256529,-73.8987042653
1372,1372,40.7257881121,-73.8506057574
1373,1373,40.8163868159,-73.9164601027
1374,1374,40.7651916668,-73.9171873775
1375,1375,40.8319085946,-73.8658746445
1376,1376,40.7455484822,-73.9059295958
1377,1377,40.641848789,-74.0761940975
1378,1378,40.6950974683,-73.99557000600001
1379,1379,40.7060950768,-73.8314130778
1380,1380,40.862631207199996,-73.9255259803
1381,1381,40.7464267613,-73.9426154541
1382,1382,40.584634078600004,-73.9659903196
1383,1383,40.75753077,-73.9827219579
1384,1384,40.7159959684,-73.9896278668
1385,1385,40.7515203746,-73.9711178552
1386,1386,40.6021878348,-73.994426058
1387,1387,40.8012343016,-73.9475888246
1388,1388,40.9035391599,-73.850829355
1389,1389,40.8464039541,-73.8947825733
1390,1390,40.6376282315,-74.01082479850001
1391,1391,40.6785916079,-73.833474789
1392,1392,40.7327714294,-73.9813937182
1393,1393,40.7252124684,-74.0045541975
1394,1394,40.6369598792,-74.0079306114
1395,1395,40.6789637889,-73.94957322329999
1396,1396,40.5899937779,-73.7974003691
1397,1397,40.7217737687,-73.8432072092
1398,1398,40.625077227,-73.9628751168
1399,1399,40.665842531799996,-73.950815607
1400,1400,40.762595293800004,-73.9265644604
1401,1401,40.7318474351,-73.8568133976
1402,1402,40.661812395700004,-73.8403355728
1403,1403,40.7516811155,-73.9807276681
1404,1404,40.8392514211,-73.8586012204
1405,1405,40.7611998553,-73.8308415682
1406,1406,40.6806428203,-73.9966540772
1407,1407,40.7299662578,-73.8594430184
1408,1408,40.7003273507,-73.9014504473
1409,1409,40.6779307263,-73.9728795047
1410,1410,40.6752514633,-73.8102824276
1411,1411,40.707769506,-73.9431998221
1412,1412,40.741559029099996,-73.9199113383
1413,1413,40.8367776715,-73.9402016098
1414,1414,40.6686980845,-73.9177726031
1415,1415,40.7647911392,-73.9760838884
1416,1416,40.678372693,-73.869744943
1417,1417,40.636877169899996,-74.1337274048
1418,1418,40.7411706614,-73.992557599
1419,1419,40.7459474976,-73.9451122752
1420,1420,40.6856406337,-73.82904540220001
1421,1421,40.8866721872,-73.8609560112
1422,1422,40.7869406348,-73.9717206798
1423,1423,40.7564142576,-73.9759390356
1424,1424,40.735439385599996,-73.8148380162
1425,1425,40.7128946711,-73.8793587442
1426,1426,40.756483309400004,-73.9254832434
1427,1427,40.654064292,-73.9596489758
1428,1428,40.6402740525,-74.0154384565
1429,1429,40.7370535146,-73.8646532063
1430,1430,40.7394308409,-73.9799189604
1431,1431,40.6447749479,-74.0107614692
1432,1432,40.603760524,-73.7521717043
1433,1433,40.7460691113,-73.9811166983
1434,1434,40.8826565082,-73.9020058343
1435,1435,40.638199856199996,-74.006340663
1436,1436,40.750219255,-73.980852214
1437,1437,40.750631037199994,-73.8258524979
1438,1438,40.7622798766,-73.9762520165
1439,1439,40.7552229445,-73.9811040188
1440,1440,40.8603781853,-73.8966030487
1441,1441,40.7319552485,-74.0006525682
1442,1442,40.679035641300004,-73.8662678889
1443,1443,40.6074572377,-74.0031472027
1444,1444,40.670181151,-73.9789461687
1445,1445,40.7174520902,-73.8361919098
1446,1446,40.7567772014,-73.82179466470001
1447,1447,40.7029805721,-73.9428173021
1448,1448,40.605284585300005,-73.97927758649999
1449,1449,40.7469555864,-73.9928192852
1450,1450,40.7385869535,-73.9823410367
1451,1451,40.7411407093,-73.9897613435
1452,1452,40.6200598048,-74.0240142642
1453,1453,40.6797816693,-73.8619976197
1454,1454,40.7584940964,-73.9675308761
1455,1455,40.8522628163,-73.9311158558
1456,1456,40.705052593400005,-73.8040727235
1457,1457,40.6247052877,-73.96418883189999
1458,1458,40.750171866500004,-73.8825475069
1459,1459,40.705767618,-74.00899140109999
1460,1460,40.8479283271,-73.9344033137
1461,1461,40.6814379718,-73.8797794708
1462,1462,40.7063584087,-73.8079198449
1463,1463,40.8170744364,-73.9172242634
1464,1464,40.7554969591,-73.8868737497
1465,1465,40.7232906368,-73.900536513
1466,1466,40.7282511967,-73.78377878149999
1467,1467,40.757816086999995,-73.9200319538
1468,1468,40.8193795781,-73.91355163
1469,1469,40.7128602119,-73.9987123029
1470,1470,40.7560903112,-73.8298779511
1471,1471,40.7464713421,-73.976054058
1472,1472,40.7577051379,-73.96660485550001
1473,1473,40.839242137199996,-73.9182716398
1474,1474,40.625337837,-73.9623171572
1475,1475,40.7360410642,-73.8761415383
